id;date_debut;date_fin;description;projet_id;materiel_id
1;2020-09-19;2020-09-19;Small Wooden Pizza Kenya Rustic Fresh Mouse;1;1
2;2020-09-20;2020-09-20;SMS Movies;2;2
3;2020-09-20;2020-09-20;optimize;3;3
4;2020-09-20;2020-09-20;Bedfordshire Shoes hardware;4;4
5;2020-09-20;2020-09-19;SMTP circuit;5;5
6;2020-09-20;2020-09-20;invoice Future;6;6
7;2020-09-20;2020-09-20;tangible;7;7
8;2020-09-19;2020-09-20;Jersey turquoise Ameliorated;8;8
9;2020-09-19;2020-09-19;Flat value-added HDD;9;9
10;2020-09-20;2020-09-19;Intuitive background Costa Rican Colon;10;10
