id;nom;prenom;matricule;cin;sexe;tarif_journalier;date_naissance;lieu_naissance;situation_fam;nationalite;date_entree;tel;email;adresse;division;type_contrat;multi_porjet;date_depart;motif_depart;user_modif;date_modif
1;West Virginia Cotton;Bangladesh;indexing;programming;transmit;motivating Points;2020-05-11;relationships;Saint Pierre and Miquelon;Fully-configurable Avon Grocery;2020-05-11;XML online Secured;Palma.Nolan46@hotmail.com;interfaces;eco-centric Officer;Montana Internal;true;2020-05-11;relationships Generic benchmark;Regional open system;2020-05-11
2;impactful Administrator;cross-media Universal;copying;Interactions Organic;plug-and-play;Handcrafted;2020-05-11;AI;Toys e-markets;integrate Accountability Function-based;2020-05-11;enterprise;Dario98@yahoo.com;methodology Cross-group;program;interface;false;2020-05-11;Fresh IB parse;Awesome Plastic Table;2020-05-11
3;Operative Guarani Outdoors;Intelligent Frozen Bacon contextually-based;Metal;lime Visionary;national;uniform Fresh;2020-05-11;Outdoors;Tanzanian Shilling;Gorgeous;2020-05-11;Liechtenstein Ergonomic Fresh Salad Awesome;Noelia.Feeney36@gmail.com;Rial Omani end-to-end Yuan Renminbi;Devolved port;Mountain optical leverage;false;2020-05-11;payment JBOD Ergonomic;Fresh Auto Loan Account;2020-05-11
4;payment;Ergonomic;Inverse;Generic Cambridgeshire Plastic;neutral navigate;Iraq Expressway e-markets;2020-05-11;Product Serbian Dinar;auxiliary;engage SSL Auto Loan Account;2020-05-11;Awesome Plastic Ball;Destini_McDermott20@gmail.com;Rustic Wooden Ball;Plastic hack;Shoes;true;2020-05-11;Gloves;projection user-centric Credit Card Account;2020-05-11
5;tangible sensor;Facilitator extensible Checking Account;Electronics;scale Singapore Dollar disintermediate;lime Park;middleware Baby methodologies;2020-05-11;bricks-and-clicks yellow redundant;Gorgeous Steel Product;open-source;2020-05-11;Concrete invoice;Fernando_Powlowski82@gmail.com;override;Profound back up;microchip Buckinghamshire sensor;true;2020-05-11;tan;Generic system;2020-05-11
6;methodologies XSS;Ball;invoice Lithuania Romania;Guinea Franc;Cotton Glen Facilitator;Direct Infrastructure;2020-05-11;relationships;Analyst JSON Incredible;Fully-configurable Spurs Island;2020-05-11;visionary Bulgarian Lev Refined Fresh Sausages;Olin.Gulgowski@yahoo.com;Engineer Berkshire;analyzing;Alabama Burundi Franc Bike;false;2020-05-11;upward-trending Soft compressing;Web International;2020-05-11
7;secured line e-business deposit;withdrawal Cambridgeshire Executive;cultivate Bond Markets Units European Composite Unit (EURCO) Salad;Mouse Plastic California;New Taiwan Dollar;copy granular;2020-05-11;Savings Account Investment Account Program;Savings Account THX Savings Account;Implemented card Denar;2020-05-11;channels migration;Maryjane94@gmail.com;Inlet;New Leu;connecting Berkshire;true;2020-05-11;mint green Realigned;Indian Rupee plug-and-play Human;2020-05-11
8;Garden extend extend;neutral;Egyptian Pound mint green;calculating Home Loan Account Florida;next generation;Drive;2020-05-11;Awesome Assistant Liaison;Forward Team-oriented;Industrial;2020-05-11;supply-chains Licensed Cotton Sausages;Kaleigh.Gerhold@hotmail.com;Arizona Analyst;knowledge user Administrator Investor;Organic functionalities drive;true;2020-05-12;Investor Finland generating;Intelligent;2020-05-11
9;Bacon Investment Account;North Dakota Program;bandwidth Liaison;Brand innovate;Ohio Handcrafted;deposit sticky Generic Soft Towels;2020-05-11;Savings Account Organic;Ball programming Direct;Borders copying;2020-05-11;Avon;Elza.Labadie25@yahoo.com;Borders Kwanza;copying Ukraine;Arkansas Chair;false;2020-05-11;regional;Investment Account XML;2020-05-11
10;Quality-focused;District;Cotton;Greens Rubber;auxiliary wireless;Virgin Islands, British Credit Card Account;2020-05-11;Credit Card Account Awesome;Berkshire withdrawal distributed;Investor;2020-05-11;Auto Loan Account monitor visionary;Grace_Reichel@gmail.com;digital Licensed Concrete Tuna Washington;Awesome pricing structure withdrawal;transmitter Intelligent Concrete Keyboard;true;2020-05-11;Bedfordshire;Glen Data;2020-05-11
